Month, Date, Beginning Balance, Payment, Principal, Interest, Cumulative Principal, Cumulative Interest, Ending Balance
1,10/01/2013,346500.00,1507.99,569.55,938.44,569.55,938.44,345930.45
2,11/01/2013,345930.45,1507.99,571.09,936.89,1140.65,1875.33,345359.35
3,12/01/2013,345359.35,1507.99,572.64,935.35,1713.29,2810.68,344786.71
4,01/01/2014,344786.71,1507.99,574.19,933.80,2287.48,3744.48,344212.52
5,02/01/2014,344212.52,1507.99,575.75,932.24,2863.23,4676.72,343636.77
6,03/01/2014,343636.77,1507.99,577.31,930.68,3440.54,5607.40,343059.46
7,04/01/2014,343059.46,1507.99,578.87,929.12,4019.41,6536.52,342480.59
8,05/01/2014,342480.59,1507.99,580.44,927.55,4599.84,7464.07,341900.16
9,06/01/2014,341900.16,1507.99,582.01,925.98,5181.86,8390.05,341318.14
10,07/01/2014,341318.14,1507.99,583.59,924.40,5765.44,9314.46,340734.56
11,08/01/2014,340734.56,1507.99,585.17,922.82,6350.61,10237.28,340149.39
12,09/01/2014,340149.39,1507.99,586.75,921.24,6937.36,11158.52,339562.64
13,10/01/2014,339562.64,1507.99,588.34,919.65,7525.70,12078.17,338974.30
14,11/01/2014,338974.30,1507.99,589.93,918.06,8115.64,12996.22,338384.36
15,12/01/2014,338384.36,1507.99,591.53,916.46,8707.17,13912.68,337792.83
16,01/01/2015,337792.83,1507.99,593.13,914.86,9300.30,14827.54,337199.70
17,02/01/2015,337199.70,1507.99,594.74,913.25,9895.04,15740.78,336604.96
18,03/01/2015,336604.96,1507.99,596.35,911.64,10491.40,16652.42,336008.60
19,04/01/2015,336008.60,1507.99,597.97,910.02,11089.36,17562.45,335410.64
20,05/01/2015,335410.64,1507.99,599.59,908.40,11688.95,18470.85,334811.05
21,06/01/2015,334811.05,1507.99,601.21,906.78,12290.16,19377.63,334209.84
22,07/01/2015,334209.84,1507.99,602.84,905.15,12893.00,20282.78,333607.00
23,08/01/2015,333607.00,1507.99,604.47,903.52,13497.47,21186.30,333002.53
24,09/01/2015,333002.53,1507.99,606.11,901.88,14103.58,22088.18,332396.42
25,10/01/2015,332396.42,1507.99,607.75,900.24,14711.32,22988.42,331788.68
26,11/01/2015,331788.68,1507.99,609.40,898.59,15320.72,23887.02,331179.28
27,12/01/2015,331179.28,1507.99,611.05,896.94,15931.77,24783.96,330568.23
28,01/01/2016,330568.23,1507.99,612.70,895.29,16544.47,25679.25,329955.53
29,02/01/2016,329955.53,1507.99,614.36,893.63,17158.83,26572.88,329341.17
30,03/01/2016,329341.17,1507.99,616.02,891.97,17774.85,27464.85,328725.15
31,04/01/2016,328725.15,1507.99,617.69,890.30,18392.54,28355.14,328107.46
32,05/01/2016,328107.46,1507.99,619.37,888.62,19011.91,29243.77,327488.09
33,06/01/2016,327488.09,1507.99,621.04,886.95,19632.95,30130.71,326867.05
34,07/01/2016,326867.05,1507.99,622.72,885.26,20255.68,31015.98,326244.32
35,08/01/2016,326244.32,1507.99,624.41,883.58,20880.09,31899.56,325619.91
36,09/01/2016,325619.91,1507.99,626.10,881.89,21506.19,32781.44,324993.81
37,10/01/2016,324993.81,1507.99,627.80,880.19,22133.99,33661.64,324366.01
38,11/01/2016,324366.01,1507.99,629.50,878.49,22763.49,34540.13,323736.51
39,12/01/2016,323736.51,1507.99,631.20,876.79,23394.69,35416.91,323105.31
40,01/01/2017,323105.31,1507.99,632.91,875.08,24027.61,36291.99,322472.39
41,02/01/2017,322472.39,1507.99,634.63,873.36,24662.23,37165.35,321837.77
42,03/01/2017,321837.77,1507.99,636.35,871.64,25298.58,38037.00,321201.42
43,04/01/2017,321201.42,1507.99,638.07,869.92,25936.65,38906.92,320563.35
44,05/01/2017,320563.35,1507.99,639.80,868.19,26576.45,39775.11,319923.55
45,06/01/2017,319923.55,1507.99,641.53,866.46,27217.98,40641.57,319282.02
46,07/01/2017,319282.02,1507.99,643.27,864.72,27861.24,41506.29,318638.76
47,08/01/2017,318638.76,1507.99,645.01,862.98,28506.25,42369.27,317993.75
48,09/01/2017,317993.75,1507.99,646.76,861.23,29153.01,43230.50,317346.99
49,10/01/2017,317346.99,1507.99,648.51,859.48,29801.52,44089.99,316698.48
50,11/01/2017,316698.48,1507.99,650.26,857.73,30451.78,44947.71,316048.22
51,12/01/2017,316048.22,1507.99,652.03,855.96,31103.81,45803.68,315396.19
52,01/01/2018,315396.19,1507.99,653.79,854.20,31757.60,46657.87,314742.40
53,02/01/2018,314742.40,1507.99,655.56,852.43,32413.16,47510.30,314086.84
54,03/01/2018,314086.84,1507.99,657.34,850.65,33070.50,48360.95,313429.50
55,04/01/2018,313429.50,1507.99,659.12,848.87,33729.62,49209.82,312770.38
56,05/01/2018,312770.38,1507.99,660.90,847.09,34390.52,50056.91,312109.48
57,06/01/2018,312109.48,1507.99,662.69,845.30,35053.22,50902.21,311446.78
58,07/01/2018,311446.78,1507.99,664.49,843.50,35717.71,51745.71,310782.29
59,08/01/2018,310782.29,1507.99,666.29,841.70,36383.99,52587.41,310116.01
60,09/01/2018,310116.01,1507.99,668.09,839.90,37052.09,53427.31,309447.91
61,10/01/2018,309447.91,1507.99,669.90,838.09,37721.99,54265.40,308778.01
62,11/01/2018,308778.01,1507.99,671.72,836.27,38393.70,55101.67,308106.30
63,12/01/2018,308106.30,1507.99,673.54,834.45,39067.24,55936.12,307432.76
64,01/01/2019,307432.76,1507.99,675.36,832.63,39742.60,56768.75,306757.40
65,02/01/2019,306757.40,1507.99,677.19,830.80,40419.79,57599.56,306080.21
66,03/01/2019,306080.21,1507.99,679.02,828.97,41098.81,58428.52,305401.19
67,04/01/2019,305401.19,1507.99,680.86,827.13,41779.67,59255.65,304720.33
68,05/01/2019,304720.33,1507.99,682.71,825.28,42462.38,60080.94,304037.62
69,06/01/2019,304037.62,1507.99,684.55,823.44,43146.93,60904.37,303353.07
70,07/01/2019,303353.07,1507.99,686.41,821.58,43833.34,61725.95,302666.66
71,08/01/2019,302666.66,1507.99,688.27,819.72,44521.61,62545.67,301978.39
72,09/01/2019,301978.39,1507.99,690.13,817.86,45211.74,63363.53,301288.26
73,10/01/2019,301288.26,1507.99,692.00,815.99,45903.74,64179.52,300596.26
74,11/01/2019,300596.26,1507.99,693.88,814.11,46597.62,64993.64,299902.38
75,12/01/2019,299902.38,1507.99,695.75,812.24,47293.37,65805.87,299206.63
76,01/01/2020,299206.63,1507.99,697.64,810.35,47991.01,66616.22,298508.99
77,02/01/2020,298508.99,1507.99,699.53,808.46,48690.54,67424.69,297809.46
78,03/01/2020,297809.46,1507.99,701.42,806.57,49391.96,68231.25,297108.04
79,04/01/2020,297108.04,1507.99,703.32,804.67,50095.28,69035.92,296404.72
80,05/01/2020,296404.72,1507.99,705.23,802.76,50800.51,69838.68,295699.49
81,06/01/2020,295699.49,1507.99,707.14,800.85,51507.65,70639.54,294992.35
82,07/01/2020,294992.35,1507.99,709.05,798.94,52216.70,71438.47,294283.30
83,08/01/2020,294283.30,1507.99,710.97,797.02,52927.67,72235.49,293572.33
84,09/01/2020,293572.33,1507.99,712.90,795.09,53640.57,73030.58,292859.43
85,10/01/2020,292859.43,1507.99,714.83,793.16,54355.40,73823.74,292144.60
86,11/01/2020,292144.60,1507.99,716.76,791.22,55072.16,74614.97,291427.84
87,12/01/2020,291427.84,1507.99,718.71,789.28,55790.87,75404.25,290709.13
88,01/01/2021,290709.13,1507.99,720.65,787.34,56511.52,76191.59,289988.48
89,02/01/2021,289988.48,1507.99,722.60,785.39,57234.13,76976.97,289265.87
90,03/01/2021,289265.87,1507.99,724.56,783.43,57958.69,77760.40,288541.31
91,04/01/2021,288541.31,1507.99,726.52,781.47,58685.21,78541.87,287814.79
92,05/01/2021,287814.79,1507.99,728.49,779.50,59413.70,79321.37,287086.30
93,06/01/2021,287086.30,1507.99,730.46,777.53,60144.17,80098.89,286355.83
94,07/01/2021,286355.83,1507.99,732.44,775.55,60876.61,80874.44,285623.39
95,08/01/2021,285623.39,1507.99,734.43,773.56,61611.04,81648.00,284888.96
96,09/01/2021,284888.96,1507.99,736.42,771.57,62347.45,82419.58,284152.55
97,10/01/2021,284152.55,1507.99,738.41,769.58,63085.86,83189.16,283414.14
98,11/01/2021,283414.14,1507.99,740.41,767.58,63826.27,83956.74,282673.73
99,12/01/2021,282673.73,1507.99,742.42,765.57,64568.69,84722.31,281931.31
100,01/01/2022,281931.31,1507.99,744.43,763.56,65313.11,85485.88,281186.89
101,02/01/2022,281186.89,1507.99,746.44,761.55,66059.56,86247.42,280440.44
102,03/01/2022,280440.44,1507.99,748.46,759.53,66808.02,87006.95,279691.98
103,04/01/2022,279691.98,1507.99,750.49,757.50,67558.51,87764.45,278941.49
104,05/01/2022,278941.49,1507.99,752.52,755.47,68311.03,88519.92,278188.97
105,06/01/2022,278188.97,1507.99,754.56,753.43,69065.59,89273.34,277434.41
106,07/01/2022,277434.41,1507.99,756.61,751.38,69822.20,90024.73,276677.80
107,08/01/2022,276677.80,1507.99,758.65,749.34,70580.85,90774.06,275919.15
108,09/01/2022,275919.15,1507.99,760.71,747.28,71341.56,91521.35,275158.44
109,10/01/2022,275158.44,1507.99,762.77,745.22,72104.33,92266.57,274395.67
110,11/01/2022,274395.67,1507.99,764.83,743.15,72869.17,93009.72,273630.83
111,12/01/2022,273630.83,1507.99,766.91,741.08,73636.07,93750.81,272863.93
112,01/01/2023,272863.93,1507.99,768.98,739.01,74405.06,94489.81,272094.94
113,02/01/2023,272094.94,1507.99,771.07,736.92,75176.12,95226.74,271323.88
114,03/01/2023,271323.88,1507.99,773.15,734.84,75949.28,95961.57,270550.72
115,04/01/2023,270550.72,1507.99,775.25,732.74,76724.53,96694.31,269775.47
116,05/01/2023,269775.47,1507.99,777.35,730.64,77501.87,97424.95,268998.13
117,06/01/2023,268998.13,1507.99,779.45,728.54,78281.33,98153.49,268218.67
118,07/01/2023,268218.67,1507.99,781.56,726.43,79062.89,98879.92,267437.11
119,08/01/2023,267437.11,1507.99,783.68,724.31,79846.57,99604.23,266653.43
120,09/01/2023,266653.43,1507.99,785.80,722.19,80632.38,100326.41,265867.62
121,10/01/2023,265867.62,1507.99,787.93,720.06,81420.31,101046.47,265079.69
122,11/01/2023,265079.69,1507.99,790.07,717.92,82210.37,101764.39,264289.63
123,12/01/2023,264289.63,1507.99,792.21,715.78,83002.58,102480.18,263497.42
124,01/01/2024,263497.42,1507.99,794.35,713.64,83796.93,103193.82,262703.07
125,02/01/2024,262703.07,1507.99,796.50,711.49,84593.43,103905.30,261906.57
126,03/01/2024,261906.57,1507.99,798.66,709.33,85392.09,104614.63,261107.91
127,04/01/2024,261107.91,1507.99,800.82,707.17,86192.91,105321.80,260307.09
128,05/01/2024,260307.09,1507.99,802.99,705.00,86995.91,106026.80,259504.09
129,06/01/2024,259504.09,1507.99,805.17,702.82,87801.07,106729.62,258698.93
130,07/01/2024,258698.93,1507.99,807.35,700.64,88608.42,107430.27,257891.58
131,08/01/2024,257891.58,1507.99,809.53,698.46,89417.95,108128.72,257082.05
132,09/01/2024,257082.05,1507.99,811.73,696.26,90229.68,108824.99,256270.32
133,10/01/2024,256270.32,1507.99,813.92,694.07,91043.60,109519.05,255456.40
134,11/01/2024,255456.40,1507.99,816.13,691.86,91859.73,110210.91,254640.27
135,12/01/2024,254640.27,1507.99,818.34,689.65,92678.07,110900.56,253821.93
136,01/01/2025,253821.93,1507.99,820.56,687.43,93498.63,111588.00,253001.37
137,02/01/2025,253001.37,1507.99,822.78,685.21,94321.40,112273.21,252178.60
138,03/01/2025,252178.60,1507.99,825.01,682.98,95146.41,112956.19,251353.59
139,04/01/2025,251353.59,1507.99,827.24,680.75,95973.65,113636.94,250526.35
140,05/01/2025,250526.35,1507.99,829.48,678.51,96803.13,114315.45,249696.87
141,06/01/2025,249696.87,1507.99,831.73,676.26,97634.86,114991.72,248865.14
142,07/01/2025,248865.14,1507.99,833.98,674.01,98468.84,115665.73,248031.16
143,08/01/2025,248031.16,1507.99,836.24,671.75,99305.08,116337.48,247194.92
144,09/01/2025,247194.92,1507.99,838.50,669.49,100143.58,117006.96,246356.42
145,10/01/2025,246356.42,1507.99,840.77,667.22,100984.36,117674.18,245515.64
146,11/01/2025,245515.64,1507.99,843.05,664.94,101827.41,118339.12,244672.59
147,12/01/2025,244672.59,1507.99,845.33,662.65,102672.74,119001.77,243827.26
148,01/01/2026,243827.26,1507.99,847.62,660.37,103520.37,119662.14,242979.63
149,02/01/2026,242979.63,1507.99,849.92,658.07,104370.29,120320.21,242129.71
150,03/01/2026,242129.71,1507.99,852.22,655.77,105222.51,120975.97,241277.49
151,04/01/2026,241277.49,1507.99,854.53,653.46,106077.04,121629.43,240422.96
152,05/01/2026,240422.96,1507.99,856.84,651.15,106933.88,122280.58,239566.12
153,06/01/2026,239566.12,1507.99,859.16,648.82,107793.05,122929.40,238706.95
154,07/01/2026,238706.95,1507.99,861.49,646.50,108654.54,123575.90,237845.46
155,08/01/2026,237845.46,1507.99,863.83,644.16,109518.37,124220.07,236981.63
156,09/01/2026,236981.63,1507.99,866.16,641.83,110384.53,124861.89,236115.47
157,10/01/2026,236115.47,1507.99,868.51,639.48,111253.04,125501.37,235246.96
158,11/01/2026,235246.96,1507.99,870.86,637.13,112123.90,126138.50,234376.10
159,12/01/2026,234376.10,1507.99,873.22,634.77,112997.13,126773.27,233502.87
160,01/01/2027,233502.87,1507.99,875.59,632.40,113872.71,127405.67,232627.29
161,02/01/2027,232627.29,1507.99,877.96,630.03,114750.67,128035.70,231749.33
162,03/01/2027,231749.33,1507.99,880.34,627.65,115631.01,128663.36,230868.99
163,04/01/2027,230868.99,1507.99,882.72,625.27,116513.72,129288.63,229986.28
164,05/01/2027,229986.28,1507.99,885.11,622.88,117398.84,129911.51,229101.16
165,06/01/2027,229101.16,1507.99,887.51,620.48,118286.34,130531.99,228213.66
166,07/01/2027,228213.66,1507.99,889.91,618.08,119176.25,131150.07,227323.75
167,08/01/2027,227323.75,1507.99,892.32,615.67,120068.58,131765.74,226431.42
168,09/01/2027,226431.42,1507.99,894.74,613.25,120963.31,132378.99,225536.69
169,10/01/2027,225536.69,1507.99,897.16,610.83,121860.48,132989.82,224639.52
170,11/01/2027,224639.52,1507.99,899.59,608.40,122760.07,133598.22,223739.93
171,12/01/2027,223739.93,1507.99,902.03,605.96,123662.09,134204.18,222837.91
172,01/01/2028,222837.91,1507.99,904.47,603.52,124566.56,134807.70,221933.44
173,02/01/2028,221933.44,1507.99,906.92,601.07,125473.48,135408.77,221026.52
174,03/01/2028,221026.52,1507.99,909.38,598.61,126382.86,136007.38,220117.14
175,04/01/2028,220117.14,1507.99,911.84,596.15,127294.70,136603.53,219205.30
176,05/01/2028,219205.30,1507.99,914.31,593.68,128209.01,137197.21,218290.99
177,06/01/2028,218290.99,1507.99,916.79,591.20,129125.79,137788.42,217374.21
178,07/01/2028,217374.21,1507.99,919.27,588.72,130045.06,138377.14,216454.94
179,08/01/2028,216454.94,1507.99,921.76,586.23,130966.82,138963.37,215533.18
180,09/01/2028,215533.18,1507.99,924.25,583.74,131891.07,139547.11,214608.93
181,10/01/2028,214608.93,1507.99,926.76,581.23,132817.83,140128.34,213682.17
182,11/01/2028,213682.17,1507.99,929.27,578.72,133747.10,140707.06,212752.90
183,12/01/2028,212752.90,1507.99,931.78,576.21,134678.88,141283.27,211821.12
184,01/01/2029,211821.12,1507.99,934.31,573.68,135613.19,141856.95,210886.81
185,02/01/2029,210886.81,1507.99,936.84,571.15,136550.03,142428.10,209949.97
186,03/01/2029,209949.97,1507.99,939.38,568.61,137489.40,142996.72,209010.60
187,04/01/2029,209010.60,1507.99,941.92,566.07,138431.32,143562.79,208068.68
188,05/01/2029,208068.68,1507.99,944.47,563.52,139375.79,144126.31,207124.21
189,06/01/2029,207124.21,1507.99,947.03,560.96,140322.82,144687.27,206177.18
190,07/01/2029,206177.18,1507.99,949.59,558.40,141272.42,145245.66,205227.58
191,08/01/2029,205227.58,1507.99,952.17,555.82,142224.58,145801.49,204275.42
192,09/01/2029,204275.42,1507.99,954.74,553.25,143179.33,146354.73,203320.67
193,10/01/2029,203320.67,1507.99,957.33,550.66,144136.66,146905.39,202363.34
194,11/01/2029,202363.34,1507.99,959.92,548.07,145096.58,147453.46,201403.42
195,12/01/2029,201403.42,1507.99,962.52,545.47,146059.10,147998.93,200440.90
196,01/01/2030,200440.90,1507.99,965.13,542.86,147024.23,148541.79,199475.77
197,02/01/2030,199475.77,1507.99,967.74,540.25,147991.97,149082.04,198508.03
198,03/01/2030,198508.03,1507.99,970.36,537.63,148962.34,149619.66,197537.66
199,04/01/2030,197537.66,1507.99,972.99,535.00,149935.33,150154.66,196564.67
200,05/01/2030,196564.67,1507.99,975.63,532.36,150910.96,150687.02,195589.04
201,06/01/2030,195589.04,1507.99,978.27,529.72,151889.23,151216.74,194610.77
202,07/01/2030,194610.77,1507.99,980.92,527.07,152870.14,151743.81,193629.86
203,08/01/2030,193629.86,1507.99,983.58,524.41,153853.72,152268.23,192646.28
204,09/01/2030,192646.28,1507.99,986.24,521.75,154839.96,152789.98,191660.04
205,10/01/2030,191660.04,1507.99,988.91,519.08,155828.87,153309.06,190671.13
206,11/01/2030,190671.13,1507.99,991.59,516.40,156820.46,153825.46,189679.54
207,12/01/2030,189679.54,1507.99,994.27,513.72,157814.73,154339.17,188685.27
208,01/01/2031,188685.27,1507.99,996.97,511.02,158811.70,154850.20,187688.30
209,02/01/2031,187688.30,1507.99,999.67,508.32,159811.37,155358.52,186688.63
210,03/01/2031,186688.63,1507.99,1002.37,505.62,160813.74,155864.14,185686.26
211,04/01/2031,185686.26,1507.99,1005.09,502.90,161818.83,156367.04,184681.17
212,05/01/2031,184681.17,1507.99,1007.81,500.18,162826.64,156867.21,183673.36
213,06/01/2031,183673.36,1507.99,1010.54,497.45,163837.19,157364.66,182662.81
214,07/01/2031,182662.81,1507.99,1013.28,494.71,164850.46,157859.37,181649.54
215,08/01/2031,181649.54,1507.99,1016.02,491.97,165866.49,158351.34,180633.51
216,09/01/2031,180633.51,1507.99,1018.77,489.22,166885.26,158840.56,179614.74
217,10/01/2031,179614.74,1507.99,1021.53,486.46,167906.79,159327.01,178593.21
218,11/01/2031,178593.21,1507.99,1024.30,483.69,168931.09,159810.70,177568.91
219,12/01/2031,177568.91,1507.99,1027.07,480.92,169958.17,160291.62,176541.83
220,01/01/2032,176541.83,1507.99,1029.86,478.13,170988.02,160769.75,175511.98
221,02/01/2032,175511.98,1507.99,1032.64,475.34,172020.67,161245.10,174479.33
222,03/01/2032,174479.33,1507.99,1035.44,472.55,173056.11,161717.65,173443.89
223,04/01/2032,173443.89,1507.99,1038.25,469.74,174094.36,162187.39,172405.64
224,05/01/2032,172405.64,1507.99,1041.06,466.93,175135.41,162654.32,171364.59
225,06/01/2032,171364.59,1507.99,1043.88,464.11,176179.29,163118.44,170320.71
226,07/01/2032,170320.71,1507.99,1046.70,461.29,177226.00,163579.72,169274.00
227,08/01/2032,169274.00,1507.99,1049.54,458.45,178275.54,164038.17,168224.46
228,09/01/2032,168224.46,1507.99,1052.38,455.61,179327.92,164493.78,167172.08
229,10/01/2032,167172.08,1507.99,1055.23,452.76,180383.15,164946.54,166116.85
230,11/01/2032,166116.85,1507.99,1058.09,449.90,181441.24,165396.44,165058.76
231,12/01/2032,165058.76,1507.99,1060.96,447.03,182502.20,165843.47,163997.80
232,01/01/2033,163997.80,1507.99,1063.83,444.16,183566.02,166287.63,162933.98
233,02/01/2033,162933.98,1507.99,1066.71,441.28,184632.74,166728.91,161867.26
234,03/01/2033,161867.26,1507.99,1069.60,438.39,185702.33,167167.30,160797.67
235,04/01/2033,160797.67,1507.99,1072.50,435.49,186774.83,167602.79,159725.17
236,05/01/2033,159725.17,1507.99,1075.40,432.59,187850.23,168035.38,158649.77
237,06/01/2033,158649.77,1507.99,1078.31,429.68,188928.55,168465.06,157571.45
238,07/01/2033,157571.45,1507.99,1081.23,426.76,190009.78,168891.82,156490.22
239,08/01/2033,156490.22,1507.99,1084.16,423.83,191093.94,169315.64,155406.06
240,09/01/2033,155406.06,1507.99,1087.10,420.89,192181.04,169736.54,154318.96
241,10/01/2033,154318.96,1507.99,1090.04,417.95,193271.08,170154.48,153228.92
242,11/01/2033,153228.92,1507.99,1092.99,414.99,194364.08,170569.48,152135.92
243,12/01/2033,152135.92,1507.99,1095.96,412.03,195460.03,170981.51,151039.97
244,01/01/2034,151039.97,1507.99,1098.92,409.07,196558.96,171390.58,149941.04
245,02/01/2034,149941.04,1507.99,1101.90,406.09,197660.86,171796.67,148839.14
246,03/01/2034,148839.14,1507.99,1104.88,403.11,198765.74,172199.78,147734.26
247,04/01/2034,147734.26,1507.99,1107.88,400.11,199873.62,172599.89,146626.38
248,05/01/2034,146626.38,1507.99,1110.88,397.11,200984.49,172997.00,145515.51
249,06/01/2034,145515.51,1507.99,1113.89,394.10,202098.38,173391.11,144401.62
250,07/01/2034,144401.62,1507.99,1116.90,391.09,203215.28,173782.19,143284.72
251,08/01/2034,143284.72,1507.99,1119.93,388.06,204335.21,174170.26,142164.79
252,09/01/2034,142164.79,1507.99,1122.96,385.03,205458.17,174555.29,141041.83
253,10/01/2034,141041.83,1507.99,1126.00,381.99,206584.17,174937.27,139915.83
254,11/01/2034,139915.83,1507.99,1129.05,378.94,207713.22,175316.21,138786.78
255,12/01/2034,138786.78,1507.99,1132.11,375.88,208845.33,175692.09,137654.67
256,01/01/2035,137654.67,1507.99,1135.18,372.81,209980.50,176064.91,136519.50
257,02/01/2035,136519.50,1507.99,1138.25,369.74,211118.75,176434.65,135381.25
258,03/01/2035,135381.25,1507.99,1141.33,366.66,212260.09,176801.31,134239.91
259,04/01/2035,134239.91,1507.99,1144.42,363.57,213404.51,177164.87,133095.49
260,05/01/2035,133095.49,1507.99,1147.52,360.47,214552.03,177525.34,131947.97
261,06/01/2035,131947.97,1507.99,1150.63,357.36,215702.66,177882.70,130797.34
262,07/01/2035,130797.34,1507.99,1153.75,354.24,216856.41,178236.94,129643.59
263,08/01/2035,129643.59,1507.99,1156.87,351.12,218013.28,178588.06,128486.72
264,09/01/2035,128486.72,1507.99,1160.01,347.98,219173.29,178936.05,127326.71
265,10/01/2035,127326.71,1507.99,1163.15,344.84,220336.43,179280.89,126163.57
266,11/01/2035,126163.57,1507.99,1166.30,341.69,221502.73,179622.58,124997.27
267,12/01/2035,124997.27,1507.99,1169.46,338.53,222672.19,179961.12,123827.81
268,01/01/2036,123827.81,1507.99,1172.62,335.37,223844.81,180296.48,122655.19
269,02/01/2036,122655.19,1507.99,1175.80,332.19,225020.61,180628.67,121479.39
270,03/01/2036,121479.39,1507.99,1178.98,329.01,226199.59,180957.68,120300.41
271,04/01/2036,120300.41,1507.99,1182.18,325.81,227381.77,181283.49,119118.23
272,05/01/2036,119118.23,1507.99,1185.38,322.61,228567.15,181606.11,117932.85
273,06/01/2036,117932.85,1507.99,1188.59,319.40,229755.73,181925.51,116744.27
274,07/01/2036,116744.27,1507.99,1191.81,316.18,230947.54,182241.69,115552.46
275,08/01/2036,115552.46,1507.99,1195.04,312.95,232142.58,182554.64,114357.42
276,09/01/2036,114357.42,1507.99,1198.27,309.72,233340.85,182864.36,113159.15
277,10/01/2036,113159.15,1507.99,1201.52,306.47,234542.37,183170.84,111957.63
278,11/01/2036,111957.63,1507.99,1204.77,303.22,235747.14,183474.05,110752.86
279,12/01/2036,110752.86,1507.99,1208.03,299.96,236955.17,183774.01,109544.83
280,01/01/2037,109544.83,1507.99,1211.31,296.68,238166.48,184070.69,108333.52
281,02/01/2037,108333.52,1507.99,1214.59,293.40,239381.06,184364.10,107118.94
282,03/01/2037,107118.94,1507.99,1217.88,290.11,240598.94,184654.21,105901.06
283,04/01/2037,105901.06,1507.99,1221.17,286.82,241820.11,184941.03,104679.89
284,05/01/2037,104679.89,1507.99,1224.48,283.51,243044.60,185224.53,103455.40
285,06/01/2037,103455.40,1507.99,1227.80,280.19,244272.39,185504.73,102227.61
286,07/01/2037,102227.61,1507.99,1231.12,276.87,245503.52,185781.59,100996.48
287,08/01/2037,100996.48,1507.99,1234.46,273.53,246737.98,186055.12,99762.02
288,09/01/2037,99762.02,1507.99,1237.80,270.19,247975.78,186325.31,98524.22
289,10/01/2037,98524.22,1507.99,1241.15,266.84,249216.93,186592.15,97283.07
290,11/01/2037,97283.07,1507.99,1244.51,263.47,250461.45,186855.62,96038.55
291,12/01/2037,96038.55,1507.99,1247.89,260.10,251709.33,187115.73,94790.67
292,01/01/2038,94790.67,1507.99,1251.27,256.72,252960.60,187372.45,93539.40
293,02/01/2038,93539.40,1507.99,1254.65,253.34,254215.25,187625.79,92284.75
294,03/01/2038,92284.75,1507.99,1258.05,249.94,255473.30,187875.73,91026.70
295,04/01/2038,91026.70,1507.99,1261.46,246.53,256734.76,188122.26,89765.24
296,05/01/2038,89765.24,1507.99,1264.88,243.11,257999.64,188365.37,88500.36
297,06/01/2038,88500.36,1507.99,1268.30,239.69,259267.94,188605.06,87232.06
298,07/01/2038,87232.06,1507.99,1271.74,236.25,260539.67,188841.31,85960.33
299,08/01/2038,85960.33,1507.99,1275.18,232.81,261814.86,189074.12,84685.14
300,09/01/2038,84685.14,1507.99,1278.63,229.36,263093.49,189303.48,83406.51
301,10/01/2038,83406.51,1507.99,1282.10,225.89,264375.59,189529.37,82124.41
302,11/01/2038,82124.41,1507.99,1285.57,222.42,265661.16,189751.79,80838.84
303,12/01/2038,80838.84,1507.99,1289.05,218.94,266950.21,189970.73,79549.79
304,01/01/2039,79549.79,1507.99,1292.54,215.45,268242.75,190186.18,78257.25
305,02/01/2039,78257.25,1507.99,1296.04,211.95,269538.79,190398.12,76961.21
306,03/01/2039,76961.21,1507.99,1299.55,208.44,270838.35,190606.56,75661.65
307,04/01/2039,75661.65,1507.99,1303.07,204.92,272141.42,190811.48,74358.58
308,05/01/2039,74358.58,1507.99,1306.60,201.39,273448.02,191012.87,73051.98
309,06/01/2039,73051.98,1507.99,1310.14,197.85,274758.16,191210.71,71741.84
310,07/01/2039,71741.84,1507.99,1313.69,194.30,276071.85,191405.02,70428.15
311,08/01/2039,70428.15,1507.99,1317.25,190.74,277389.10,191595.76,69110.90
312,09/01/2039,69110.90,1507.99,1320.81,187.18,278709.91,191782.93,67790.09
313,10/01/2039,67790.09,1507.99,1324.39,183.60,280034.31,191966.53,66465.69
314,11/01/2039,66465.69,1507.99,1327.98,180.01,281362.28,192146.54,65137.72
315,12/01/2039,65137.72,1507.99,1331.58,176.41,282693.86,192322.96,63806.14
316,01/01/2040,63806.14,1507.99,1335.18,172.81,284029.04,192495.77,62470.96
317,02/01/2040,62470.96,1507.99,1338.80,169.19,285367.84,192664.96,61132.16
318,03/01/2040,61132.16,1507.99,1342.42,165.57,286710.26,192830.52,59789.74
319,04/01/2040,59789.74,1507.99,1346.06,161.93,288056.32,192992.46,58443.68
320,05/01/2040,58443.68,1507.99,1349.70,158.28,289406.03,193150.74,57093.97
321,06/01/2040,57093.97,1507.99,1353.36,154.63,290759.39,193305.37,55740.61
322,07/01/2040,55740.61,1507.99,1357.03,150.96,292116.41,193456.33,54383.59
323,08/01/2040,54383.59,1507.99,1360.70,147.29,293477.11,193603.62,53022.89
324,09/01/2040,53022.89,1507.99,1364.39,143.60,294841.50,193747.23,51658.50
325,10/01/2040,51658.50,1507.99,1368.08,139.91,296209.58,193887.13,50290.42
326,11/01/2040,50290.42,1507.99,1371.79,136.20,297581.37,194023.34,48918.63
327,12/01/2040,48918.63,1507.99,1375.50,132.49,298956.87,194155.83,47543.13
328,01/01/2041,47543.13,1507.99,1379.23,128.76,300336.10,194284.59,46163.90
329,02/01/2041,46163.90,1507.99,1382.96,125.03,301719.06,194409.62,44780.94
330,03/01/2041,44780.94,1507.99,1386.71,121.28,303105.77,194530.90,43394.23
331,04/01/2041,43394.23,1507.99,1390.46,117.53,304496.23,194648.42,42003.77
332,05/01/2041,42003.77,1507.99,1394.23,113.76,305890.46,194762.18,40609.54
333,06/01/2041,40609.54,1507.99,1398.01,109.98,307288.47,194872.17,39211.53
334,07/01/2041,39211.53,1507.99,1401.79,106.20,308690.26,194978.37,37809.74
335,08/01/2041,37809.74,1507.99,1405.59,102.40,310095.85,195080.77,36404.15
336,09/01/2041,36404.15,1507.99,1409.40,98.59,311505.24,195179.36,34994.76
337,10/01/2041,34994.76,1507.99,1413.21,94.78,312918.46,195274.14,33581.54
338,11/01/2041,33581.54,1507.99,1417.04,90.95,314335.50,195365.09,32164.50
339,12/01/2041,32164.50,1507.99,1420.88,87.11,315756.37,195452.20,30743.63
340,01/01/2042,30743.63,1507.99,1424.73,83.26,317181.10,195535.47,29318.90
341,02/01/2042,29318.90,1507.99,1428.58,79.41,318609.68,195614.87,27890.32
342,03/01/2042,27890.32,1507.99,1432.45,75.54,320042.14,195690.41,26457.86
343,04/01/2042,26457.86,1507.99,1436.33,71.66,321478.47,195762.06,25021.53
344,05/01/2042,25021.53,1507.99,1440.22,67.77,322918.69,195829.83,23581.31
345,06/01/2042,23581.31,1507.99,1444.12,63.87,324362.82,195893.70,22137.18
346,07/01/2042,22137.18,1507.99,1448.04,59.95,325810.85,195953.65,20689.15
347,08/01/2042,20689.15,1507.99,1451.96,56.03,327262.81,196009.68,19237.19
348,09/01/2042,19237.19,1507.99,1455.89,52.10,328718.70,196061.79,17781.30
349,10/01/2042,17781.30,1507.99,1459.83,48.16,330178.53,196109.94,16321.47
350,11/01/2042,16321.47,1507.99,1463.79,44.20,331642.32,196154.15,14857.68
351,12/01/2042,14857.68,1507.99,1467.75,40.24,333110.07,196194.39,13389.93
352,01/01/2043,13389.93,1507.99,1471.73,36.26,334581.79,196230.65,11918.21
353,02/01/2043,11918.21,1507.99,1475.71,32.28,336057.50,196262.93,10442.50
354,03/01/2043,10442.50,1507.99,1479.71,28.28,337537.21,196291.21,8962.79
355,04/01/2043,8962.79,1507.99,1483.72,24.27,339020.93,196315.49,7479.07
356,05/01/2043,7479.07,1507.99,1487.73,20.26,340508.66,196335.74,5991.34
357,06/01/2043,5991.34,1507.99,1491.76,16.23,342000.42,196351.97,4499.58
358,07/01/2043,4499.58,1507.99,1495.80,12.19,343496.23,196364.15,3003.77
359,08/01/2043,3003.77,1507.99,1499.85,8.14,344996.08,196372.29,1503.92
360,09/01/2043,1503.92,1503.92,1503.92,4.07,346500.00,196376.36,0.00
